{
  "generated_at": "2026-03-30T17:33:57.712369+00:00",
  "dataset_rows": 303,
  "feature_columns": [
    "age",
    "sex",
    "cp",
    "trestbps",
    "chol",
    "fbs",
    "restecg",
    "thalach",
    "exang",
    "oldpeak",
    "slope",
    "ca",
    "thal"
  ],
  "numeric_features": [
    "age",
    "trestbps",
    "chol",
    "thalach",
    "oldpeak"
  ],
  "categorical_features": [
    "sex",
    "cp",
    "fbs",
    "restecg",
    "exang",
    "slope",
    "ca",
    "thal"
  ],
  "best_model": "logistic_regression",
  "metrics": {
    "logistic_regression": {
      "accuracy": 0.8688524590163934,
      "precision": 0.8571428571428571,
      "recall": 0.9090909090909091,
      "f1_score": 0.8823529411764706,
      "roc_auc": 0.9101731601731602
    },
    "decision_tree": {
      "accuracy": 0.7868852459016393,
      "precision": 0.7631578947368421,
      "recall": 0.8787878787878788,
      "f1_score": 0.8169014084507042,
      "roc_auc": 0.7743506493506493
    },
    "random_forest": {
      "accuracy": 0.7868852459016393,
      "precision": 0.7631578947368421,
      "recall": 0.8787878787878788,
      "f1_score": 0.8169014084507042,
      "roc_auc": 0.9004329004329005
    },
    "knn": {
      "accuracy": 0.7868852459016393,
      "precision": 0.7631578947368421,
      "recall": 0.8787878787878788,
      "f1_score": 0.8169014084507042,
      "roc_auc": 0.9090909090909091
    },
    "svm": {
      "accuracy": 0.8360655737704918,
      "precision": 0.8108108108108109,
      "recall": 0.9090909090909091,
      "f1_score": 0.8571428571428571,
      "roc_auc": 0.9101731601731602
    }
  },
  "feature_stats": {
    "age": {
      "min": 29.0,
      "max": 77.0,
      "mean": 54.366336633663366,
      "type": "numeric",
      "description": "Age in years"
    },
    "sex": {
      "min": 0.0,
      "max": 1.0,
      "mean": 0.6831683168316832,
      "type": "categorical",
      "description": "Sex (0 = female, 1 = male)"
    },
    "cp": {
      "min": 0.0,
      "max": 3.0,
      "mean": 0.966996699669967,
      "type": "categorical",
      "description": "Chest pain type (0-3)"
    },
    "trestbps": {
      "min": 94.0,
      "max": 200.0,
      "mean": 131.62376237623764,
      "type": "numeric",
      "description": "Resting blood pressure in mm Hg"
    },
    "chol": {
      "min": 126.0,
      "max": 564.0,
      "mean": 246.26402640264027,
      "type": "numeric",
      "description": "Serum cholesterol in mg/dl"
    },
    "fbs": {
      "min": 0.0,
      "max": 1.0,
      "mean": 0.1485148514851485,
      "type": "categorical",
      "description": "Fasting blood sugar > 120 mg/dl (1 = true)"
    },
    "restecg": {
      "min": 0.0,
      "max": 2.0,
      "mean": 0.528052805280528,
      "type": "categorical",
      "description": "Resting electrocardiographic result (0-2)"
    },
    "thalach": {
      "min": 71.0,
      "max": 202.0,
      "mean": 149.64686468646866,
      "type": "numeric",
      "description": "Maximum heart rate achieved"
    },
    "exang": {
      "min": 0.0,
      "max": 1.0,
      "mean": 0.32673267326732675,
      "type": "categorical",
      "description": "Exercise induced angina (1 = yes)"
    },
    "oldpeak": {
      "min": 0.0,
      "max": 6.2,
      "mean": 1.0396039603960396,
      "type": "numeric",
      "description": "ST depression induced by exercise"
    },
    "slope": {
      "min": 0.0,
      "max": 2.0,
      "mean": 1.3993399339933994,
      "type": "categorical",
      "description": "Slope of peak exercise ST segment (0-2)"
    },
    "ca": {
      "min": 0.0,
      "max": 4.0,
      "mean": 0.7293729372937293,
      "type": "categorical",
      "description": "Major vessels colored by fluoroscopy (0-4)"
    },
    "thal": {
      "min": 0.0,
      "max": 3.0,
      "mean": 2.3135313531353137,
      "type": "categorical",
      "description": "Thalassemia category (0-3)"
    }
  }
}